# 16 MB flash: two 4 MB app slots for OTA with rollback, the rest for data.
# "storage" keeps its spiffs subtype but holds LittleFS (the earcons); the table
# cannot change over the air, so it stays as the first USB flash wrote it.
# Name,   Type, SubType, Offset,   Size
nvs,      data, nvs,     0x9000,   0x5000
otadata,  data, ota,     0xe000,   0x2000
app0,     app,  ota_0,   0x10000,  0x400000
app1,     app,  ota_1,   0x410000, 0x400000
storage,  data, spiffs,  0x810000, 0x7E0000
coredump, data, coredump,0xFF0000, 0x10000
